Tarea,Código BIM,Unidad,Cantidad Ejecutada,Cantidad Programada,% Completado,Comienzo Real,Fin Real,Duración Real,% Financiero Ejecutado,Desviación (%),% Programado,Variación de Finalización,Costo Previsto,Costo Real
S.E. VENTANITAS,SEV,,0 hrs,0 hrs,31,2024-09-12 09:00:00,0001-01-01 00:00:00,"26,54 days","15,51%",-7%,24%,0 days,415832997,64482762.32
  INICIO,,,0 hrs,0 hrs,100,2024-09-12 19:00:00,2024-09-12 19:00:00,0 days,System.Object,0%,100%,0 days,0,0
  Bloque 2,B2,,0 hrs,0 hrs,64,2024-09-24 09:00:00,0001-01-01 00:00:00,"12,74 days","69,03%",15%,79%,0 days,48220249,33284596.85
    Piso 1,B2_P1,,0 hrs,0 hrs,64,2024-09-24 09:00:00,0001-01-01 00:00:00,"12,74 days","69,03%",15%,79%,0 days,48220249,33284596.85
      Aula 3,B2_P1_AU3,,0 hrs,0 hrs,68,2024-09-24 09:00:00,0001-01-01 00:00:00,"4,45 days","74,02%",32%,100%,0 days,15111566,11185091
        Cubiertas,B2_P1_AU3_CB,,0 hrs,0 hrs,68,2024-09-24 09:00:00,0001-01-01 00:00:00,"4,45 days","74,02%",32%,100%,0 days,15111566,11185091
          Canoas,B2_P1_AU3_CB_CN,,0 hrs,0 hrs,33,2024-09-24 09:00:00,0001-01-01 00:00:00,"1,83 days","5,84%",67%,100%,0 days,2288669,133712
            Retiro de canoas,B2_P1_AU3_CB_CN_RT,,0 hrs,0 hrs,100,2024-09-24 09:00:00,2024-09-24 19:00:00,1 day,100%,0%,100%,0 days,133712,133712
"            Suministro y colocación de canoa en U en lamina galvanizada calibre 24 moldurada, grafada y soldada en las uniones, desarrollo 0.70 m., incluye:embudos, boquillas, tapas, ganchos de fijación, pintura anticorrosiva verde y de acabado color a definir por in",B2_P1_AU3_CB_CN_STI,,0 hrs,0 hrs,0,0001-01-01 00:00:00,0001-01-01 00:00:00,0 days,0%,100%,100%,0 days,2154957,0
          Ruanas,B2_P1_AU3_CB_RU,,0 hrs,0 hrs,60,2024-09-24 09:00:00,0001-01-01 00:00:00,"3,9 days","7,19%",40%,100%,0 days,1908660,137142
            Retiro de ruanas,,,0 hrs,0 hrs,100,2024-09-24 09:00:00,2024-09-25 13:00:00,"1,5 days",100%,0%,100%,0 days,137142,137142
"            Suministro y colocación de ruanas en lámina galvanizada calibre 24, incluye mortero, pintura anticorrosiva y a base de aceite, desarrollo 33 cm., pestaña de 5 cm. Canchada de muro, faja en revoque impermeabilizado con filete y todo lo necesario para su co",,,0 hrs,0 hrs,0,0001-01-01 00:00:00,0001-01-01 00:00:00,0 days,0%,100%,100%,0 days,1771518,0
          Mantenimiento,B2_P1_AU3_CB_MTO,,0 hrs,0 hrs,100,2024-09-24 09:00:00,2024-09-27 13:00:00,"3,5 days",100%,0%,100%,0 days,10862926,10862926
"            Reparación de techo en teja de barro. Incluye: retiro de manto existente si es necesario, retiro de teja existente, reistalación de la misma, suministro y colocación de teja (del 20%), tablilla (del 100 %) , impermeabilización con manto asfaltico imperpol",,,0 hrs,0 hrs,100,2024-09-24 09:00:00,2024-09-27 13:00:00,"3,5 days",100%,0%,100%,0 days,10862926,10862926
          Retiro de bajantes,B2_P1_AU3_CB_TA,,0 hrs,0 hrs,100,2024-09-25 09:00:00,2024-09-25 13:00:00,"0,5 days",100%,0%,100%,0 days,51311,51311
      Aula 4,B2_P1_AU4,,0 hrs,0 hrs,67,2024-10-02 15:00:00,0001-01-01 00:00:00,4 days,"68,14%",33%,100%,0 days,16527856,11262265
        Cubierta,B2_P1_AU4_CB,,0 hrs,0 hrs,67,2024-10-02 15:00:00,0001-01-01 00:00:00,4 days,"68,14%",33%,100%,0 days,16527856,11262265
          Canoas,B2_P1_AU4_CB_CN,,0 hrs,0 hrs,43,2024-10-02 15:00:00,0001-01-01 00:00:00,"2,14 days","5,71%",57%,100%,0 days,3762797,215042
"            Suministro y colocación de canoa en U en lamina galvanizada calibre 24 moldurada, grafada y soldada en las uniones, desarrollo 0.70 m., incluye:embudos, boquillas, tapas, ganchos de fijación, pintura anticorrosiva verde y de acabado color a definir por in",,,0 hrs,0 hrs,0,0001-01-01 00:00:00,0001-01-01 00:00:00,0 days,0%,100%,100%,0 days,3547755,0
            Retiro de canoas,,,0 hrs,0 hrs,100,2024-10-02 15:00:00,2024-10-03 19:00:00,"1,5 days",100%,0%,100%,0 days,215042,215042
          Ruanas,B2_P1_AU4_CB_RU,,0 hrs,0 hrs,50,2024-10-02 15:00:00,0001-01-01 00:00:00,3 days,"7,19%",50%,100%,0 days,1850822,132986
            Retiro de ruanas,,,0 hrs,0 hrs,100,2024-10-02 15:00:00,2024-10-03 13:00:00,1 day,100%,0%,100%,0 days,132986,132986
"            Suministro y colocación de ruanas en lámina galvanizada calibre 24, incluye mortero, pintura anticorrosiva y a base de aceite, desarrollo 33 cm., pestaña de 5 cm. Canchada de muro, faja en revoque impermeabilizado con filete y todo lo necesario para su co",,,0 hrs,0 hrs,0,0001-01-01 00:00:00,0001-01-01 00:00:00,0 days,0%,100%,100%,0 days,1717836,0
          Mantenimiento,B2_P1_AU4_CB_MTO,,0 hrs,0 hrs,100,2024-10-02 15:00:00,2024-10-07 13:00:00,3 days,100%,0%,100%,0 days,10862926,10862926
"            Reparación de techo en teja de barro. Incluye: retiro de manto existente si es necesario, retiro de teja existente, reistalación de la misma, suministro y colocación de teja (del 20%), tablilla (del 100 %) , impermeabilización con manto asfaltico imperpol",,,0 hrs,0 hrs,100,2024-10-02 15:00:00,2024-10-07 13:00:00,3 days,100%,0%,100%,0 days,10862926,10862926
          Retiro de bajantes,B2_P1_AU4_CB_TA,,0 hrs,0 hrs,100,2024-10-04 09:00:00,2024-10-04 13:00:00,"0,5 days",100%,0%,100%,0 days,51311,51311
      Circulación,B2_P1_C,,0 hrs,0 hrs,57,2024-10-10 15:00:00,0001-01-01 00:00:00,"4,27 days","65,36%",-14%,43%,0 days,16580827,10837240.85
        Cubierta,B2_P1_C_CB,,0 hrs,0 hrs,57,2024-10-10 15:00:00,0001-01-01 00:00:00,"4,27 days","65,36%",-14%,43%,0 days,16580827,10837240.85
          Canoas,B2_P1_C_CB_CN,,0 hrs,0 hrs,50,2024-10-10 15:00:00,0001-01-01 00:00:00,"2,25 days","6,47%",0%,50%,0 days,1755980,113626
            Retiro de canoas,,,0 hrs,0 hrs,100,2024-10-10 15:00:00,2024-10-11 13:00:00,1 day,100%,0%,100%,0 days,113626,113626
"            Suministro y colocación de canoa en U en lamina galvanizada calibre 24 moldurada, grafada y soldada en las uniones, desarrollo 0.70 m., incluye:embudos, boquillas, tapas, ganchos de fijación, pintura anticorrosiva verde y de acabado color a definir por in",,,0 hrs,0 hrs,0,0001-01-01 00:00:00,0001-01-01 00:00:00,0 days,0%,0%,0%,0 days,1642354,0
          Ruanas,B2_P1_C_CB_RU,,0 hrs,0 hrs,33,2024-10-10 15:00:00,0001-01-01 00:00:00,"2,5 days","7,19%",0%,33%,0 days,2421492,173990
            Retiro de ruanas,,,0 hrs,0 hrs,100,2024-10-10 15:00:00,2024-10-11 19:00:00,"1,5 days",100%,0%,100%,0 days,173990,173990
"            Suministro y colocación de ruanas en lámina galvanizada calibre 24, incluye mortero, pintura anticorrosiva y a base de aceite, desarrollo 33 cm., pestaña de 5 cm. Canchada de muro, faja en revoque impermeabilizado con filete y todo lo necesario para su co",,,0 hrs,0 hrs,0,0001-01-01 00:00:00,0001-01-01 00:00:00,0 days,0%,0%,0%,0 days,2247502,0
          Mantenimientos,B2_P1_C_CB_MTO,,0 hrs,0 hrs,85,2024-10-10 15:00:00,0001-01-01 00:00:00,"2,98 days",85%,-42%,43%,0 days,12358201,10504470.85
"            Reparación de techo en teja de barro. Incluye: retiro de manto existente si es necesario, retiro de teja existente, reistalación de la misma, suministro y colocación de teja (del 20%), tablilla (del 100 %) , impermeabilización con manto asfaltico imperpol",,,0 hrs,0 hrs,85,2024-10-10 15:00:00,0001-01-01 00:00:00,"2,98 days",85%,-42%,43%,0 days,12358201,10504470.85
          Retiro de bajantes,B2_P1_C_CB_TA,,0 hrs,0 hrs,100,2024-10-11 15:00:00,2024-10-11 19:00:00,"0,5 days",100%,0%,100%,0 days,45154,45154
  Bloque 1,B1,,0 hrs,0 hrs,0,0001-01-01 00:00:00,0001-01-01 00:00:00,0 days,0%,0%,0%,0 days,122795178,0
    Piso 1,P1,,0 hrs,0 hrs,0,0001-01-01 00:00:00,0001-01-01 00:00:00,0 days,0%,0%,0%,0 days,122795178,0
      Aula 5,B2_P1_AU5,,0 hrs,0 hrs,0,0001-01-01 00:00:00,0001-01-01 00:00:00,0 days,0%,0%,0%,0 days,20257442,0
        Cubierta,,,0 hrs,0 hrs,0,0001-01-01 00:00:00,0001-01-01 00:00:00,0 days,0%,0%,0%,0 days,18118693,0
          Canoas,,,0 hrs,0 hrs,0,0001-01-01 00:00:00,0001-01-01 00:00:00,0 days,0%,0%,0%,0 days,2498522,0
            Retiro de canoas,,,0 hrs,0 hrs,0,0001-01-01 00:00:00,0001-01-01 00:00:00,0 days,0%,0%,0%,0 days,137848,0
"            Suministro y colocación de canoa en U en lamina galvanizada calibre 24 moldurada, grafada y soldada en las uniones, desarrollo 0.70 m., incluye:embudos, boquillas, tapas, ganchos de fijación, pintura anticorrosiva verde y de acabado color a definir por in",,,0 hrs,0 hrs,0,0001-01-01 00:00:00,0001-01-01 00:00:00,0 days,0%,0%,0%,0 days,2360674,0
          Ruanas,,,0 hrs,0 hrs,0,0001-01-01 00:00:00,0001-01-01 00:00:00,0 days,0%,0%,0%,0 days,1619470,0
            Retiro de ruanas,,,0 hrs,0 hrs,0,0001-01-01 00:00:00,0001-01-01 00:00:00,0 days,0%,0%,0%,0 days,116363,0
"            Suministro y colocación de ruanas en lámina galvanizada calibre 24, incluye mortero, pintura anticorrosiva y a base de aceite, desarrollo 33 cm., pestaña de 5 cm. Canchada de muro, faja en revoque impermeabilizado con filete y todo lo necesario para su co",,,0 hrs,0 hrs,0,0001-01-01 00:00:00,0001-01-01 00:00:00,0 days,0%,0%,0%,0 days,1503107,0
          Mantenimiento,,,0 hrs,0 hrs,0,0001-01-01 00:00:00,0001-01-01 00:00:00,0 days,0%,0%,0%,0 days,14000701,0
"            Reparación de techo en teja de barro. Incluye: retiro de manto existente si es necesario, retiro de teja existente, reistalación de la misma, suministro y colocación de teja (del 20%), tablilla (del 100 %) , impermeabilización con manto asfaltico imperpol",,,0 hrs,0 hrs,0,0001-01-01 00:00:00,0001-01-01 00:00:00,0 days,0%,0%,0%,0 days,14000701,0
        Piso,,,0 hrs,0 hrs,0,0001-01-01 00:00:00,0001-01-01 00:00:00,0 days,0%,0%,0%,0 days,2138749,0
          PULIDA Y BRILLADA DE PISO EN BALDOSA GRANO EXISTENTE. Incluye todo lo necesario para su correcta construcción y funcionamiento.,,,0 hrs,0 hrs,0,0001-01-01 00:00:00,0001-01-01 00:00:00,0 days,0%,0%,0%,0 days,2138749,0
      Aula 6,B2_P1_AU5,,0 hrs,0 hrs,0,0001-01-01 00:00:00,0001-01-01 00:00:00,0 days,0%,0%,0%,0 days,20305013,0
        Cubierta,,,0 hrs,0 hrs,0,0001-01-01 00:00:00,0001-01-01 00:00:00,0 days,0%,0%,0%,0 days,18165744,0
          Canoa,,,0 hrs,0 hrs,0,0001-01-01 00:00:00,0001-01-01 00:00:00,0 days,0%,0%,0%,0 days,2552062,0
            Retiro de canoas,,,0 hrs,0 hrs,0,0001-01-01 00:00:00,0001-01-01 00:00:00,0 days,0%,0%,0%,0 days,140802,0
"            Suministro y colocación de canoa en U en lamina galvanizada calibre 24 moldurada, grafada y soldada en las uniones, desarrollo 0.70 m., incluye:embudos, boquillas, tapas, ganchos de fijación, pintura anticorrosiva verde y de acabado color a definir por in",,,0 hrs,0 hrs,0,0001-01-01 00:00:00,0001-01-01 00:00:00,0 days,0%,0%,0%,0 days,2411260,0
          Ruanas,,,0 hrs,0 hrs,0,0001-01-01 00:00:00,0001-01-01 00:00:00,0 days,0%,0%,0%,0 days,1654173,0
            Retiro de ruanas,,,0 hrs,0 hrs,0,0001-01-01 00:00:00,0001-01-01 00:00:00,0 days,0%,0%,0%,0 days,118857,0
"            Suministro y colocación de ruanas en lámina galvanizada calibre 24, incluye mortero, pintura anticorrosiva y a base de aceite, desarrollo 33 cm., pestaña de 5 cm. Canchada de muro, faja en revoque impermeabilizado con filete y todo lo necesario para su co",,,0 hrs,0 hrs,0,0001-01-01 00:00:00,0001-01-01 00:00:00,0 days,0%,0%,0%,0 days,1535316,0
          Mantenimiento,,,0 hrs,0 hrs,0,0001-01-01 00:00:00,0001-01-01 00:00:00,0 days,0%,0%,0%,0 days,13959509,0
"            Reparación de techo en teja de barro. Incluye: retiro de manto existente si es necesario, retiro de teja existente, reistalación de la misma, suministro y colocación de teja (del 20%), tablilla (del 100 %) , impermeabilización con manto asfaltico imperpol",,,0 hrs,0 hrs,0,0001-01-01 00:00:00,0001-01-01 00:00:00,0 days,0%,0%,0%,0 days,13959509,0
        Piso,,,0 hrs,0 hrs,0,0001-01-01 00:00:00,0001-01-01 00:00:00,0 days,0%,0%,0%,0 days,2139269,0
          PULIDA Y BRILLADA DE PISO EN BALDOSA GRANO EXISTENTE. Incluye todo lo necesario para su correcta construcción y funcionamiento.,,,0 hrs,0 hrs,0,0001-01-01 00:00:00,0001-01-01 00:00:00,0 days,0%,0%,0%,0 days,2139269,0
      Aula Preescola,B2_P1_AUP,,0 hrs,0 hrs,0,0001-01-01 00:00:00,0001-01-01 00:00:00,0 days,0%,0%,0%,0 days,21872891,0
        Cubierta,,,0 hrs,0 hrs,0,0001-01-01 00:00:00,0001-01-01 00:00:00,0 days,0%,0%,0%,0 days,19682311,0
          Canoa,,,0 hrs,0 hrs,0,0001-01-01 00:00:00,0001-01-01 00:00:00,0 days,0%,0%,0%,0 days,3936586,0
            Retiro de canoas,,,0 hrs,0 hrs,0,0001-01-01 00:00:00,0001-01-01 00:00:00,0 days,0%,0%,0%,0 days,226956,0
"            Suministro y colocación de canoa en U en lamina galvanizada calibre 24 moldurada, grafada y soldada en las uniones, desarrollo 0.70 m., incluye:embudos, boquillas, tapas, ganchos de fijación, pintura anticorrosiva verde y de acabado color a definir por in",,,0 hrs,0 hrs,0,0001-01-01 00:00:00,0001-01-01 00:00:00,0 days,0%,0%,0%,0 days,3709630,0
          Ruanas,,,0 hrs,0 hrs,0,0001-01-01 00:00:00,0001-01-01 00:00:00,0 days,0%,0%,0%,0 days,1777561,0
            Retiro de ruanas,,,0 hrs,0 hrs,0,0001-01-01 00:00:00,0001-01-01 00:00:00,0 days,0%,0%,0%,0 days,127722,0
"            Suministro y colocación de ruanas en lámina galvanizada calibre 24, incluye mortero, pintura anticorrosiva y a base de aceite, desarrollo 33 cm., pestaña de 5 cm. Canchada de muro, faja en revoque impermeabilizado con filete y todo lo necesario para su co",,,0 hrs,0 hrs,0,0001-01-01 00:00:00,0001-01-01 00:00:00,0 days,0%,0%,0%,0 days,1649839,0
          Mantenimiento,,,0 hrs,0 hrs,0,0001-01-01 00:00:00,0001-01-01 00:00:00,0 days,0%,0%,0%,0 days,13968164,0
"            Reparación de techo en teja de barro. Incluye: retiro de manto existente si es necesario, retiro de teja existente, reistalación de la misma, suministro y colocación de teja (del 20%), tablilla (del 100 %) , impermeabilización con manto asfaltico imperpol",,,0 hrs,0 hrs,0,0001-01-01 00:00:00,0001-01-01 00:00:00,0 days,0%,0%,0%,0 days,13968164,0
        Retiro de bajantes,,,0 hrs,0 hrs,0,0001-01-01 00:00:00,0001-01-01 00:00:00,0 days,0%,0%,0%,0 days,51311,0
        Piso,,,0 hrs,0 hrs,0,0001-01-01 00:00:00,0001-01-01 00:00:00,0 days,0%,0%,0%,0 days,2139269,0
          PULIDA Y BRILLADA DE PISO EN BALDOSA GRANO EXISTENTE. Incluye todo lo necesario para su correcta construcción y funcionamiento.,,,0 hrs,0 hrs,0,0001-01-01 00:00:00,0001-01-01 00:00:00,0 days,0%,0%,0%,0 days,2139269,0
      Baños Sociales,B2_P1_WCS,,0 hrs,0 hrs,0,0001-01-01 00:00:00,0001-01-01 00:00:00,0 days,0%,0%,0%,0 days,14291113,0
        Cubierta,,,0 hrs,0 hrs,0,0001-01-01 00:00:00,0001-01-01 00:00:00,0 days,0%,0%,0%,0 days,14291113,0
          Ruanas,,,0 hrs,0 hrs,0,0001-01-01 00:00:00,0001-01-01 00:00:00,0 days,0%,0%,0%,0 days,331604,0
            Retiro de ruanas,,,0 hrs,0 hrs,0,0001-01-01 00:00:00,0001-01-01 00:00:00,0 days,0%,0%,0%,0 days,23826,0
"            Suministro y colocación de ruanas en lámina galvanizada calibre 24, incluye mortero, pintura anticorrosiva y a base de aceite, desarrollo 33 cm., pestaña de 5 cm. Canchada de muro, faja en revoque impermeabilizado con filete y todo lo necesario para su co",,,0 hrs,0 hrs,0,0001-01-01 00:00:00,0001-01-01 00:00:00,0 days,0%,0%,0%,0 days,307778,0
          Mantenimiento,,,0 hrs,0 hrs,0,0001-01-01 00:00:00,0001-01-01 00:00:00,0 days,0%,0%,0%,0 days,13959509,0
"            Reparación de techo en teja de barro. Incluye: retiro de manto existente si es necesario, retiro de teja existente, reistalación de la misma, suministro y colocación de teja (del 20%), tablilla (del 100 %) , impermeabilización con manto asfaltico imperpol",,,0 hrs,0 hrs,0,0001-01-01 00:00:00,0001-01-01 00:00:00,0 days,0%,0%,0%,0 days,13959509,0
      Tienda,B2_P1_T,,0 hrs,0 hrs,0,0001-01-01 00:00:00,0001-01-01 00:00:00,0 days,0%,0%,0%,0 days,15431957,0
        Cubierta,,,0 hrs,0 hrs,0,0001-01-01 00:00:00,0001-01-01 00:00:00,0 days,0%,0%,0%,0 days,15431957,0
          Canoas,,,0 hrs,0 hrs,0,0001-01-01 00:00:00,0001-01-01 00:00:00,0 days,0%,0%,0%,0 days,391579,0
            Retiro de canoas,,,0 hrs,0 hrs,0,0001-01-01 00:00:00,0001-01-01 00:00:00,0 days,0%,0%,0%,0 days,29047,0
"            Suministro y colocación de canoa en U en lamina galvanizada calibre 24 moldurada, grafada y soldada en las uniones, desarrollo 0.70 m., incluye:embudos, boquillas, tapas, ganchos de fijación, pintura anticorrosiva verde y de acabado color a definir por in",,,0 hrs,0 hrs,0,0001-01-01 00:00:00,0001-01-01 00:00:00,0 days,0%,0%,0%,0 days,362532,0
          Ruanas,,,0 hrs,0 hrs,0,0001-01-01 00:00:00,0001-01-01 00:00:00,0 days,0%,0%,0%,0 days,1048799,0
            Retiro de ruanas,,,0 hrs,0 hrs,0,0001-01-01 00:00:00,0001-01-01 00:00:00,0 days,0%,0%,0%,0 days,75358,0
"            Suministro y colocación de ruanas en lámina galvanizada calibre 24, incluye mortero, pintura anticorrosiva y a base de aceite, desarrollo 33 cm., pestaña de 5 cm. Canchada de muro, faja en revoque impermeabilizado con filete y todo lo necesario para su co",,,0 hrs,0 hrs,0,0001-01-01 00:00:00,0001-01-01 00:00:00,0 days,0%,0%,0%,0 days,973441,0
          Mantenimiento,,,0 hrs,0 hrs,0,0001-01-01 00:00:00,0001-01-01 00:00:00,0 days,0%,0%,0%,0 days,13959509,0
"            Reparación de techo en teja de barro. Incluye: retiro de manto existente si es necesario, retiro de teja existente, reistalación de la misma, suministro y colocación de teja (del 20%), tablilla (del 100 %) , impermeabilización con manto asfaltico imperpol",,,0 hrs,0 hrs,0,0001-01-01 00:00:00,0001-01-01 00:00:00,0 days,0%,0%,0%,0 days,13959509,0
          Retiro de bajantes,,,0 hrs,0 hrs,0,0001-01-01 00:00:00,0001-01-01 00:00:00,0 days,0%,0%,0%,0 days,32070,0
      Circulación,B2_P1_C,,0 hrs,0 hrs,0,0001-01-01 00:00:00,0001-01-01 00:00:00,0 days,0%,0%,0%,0 days,30636762,0
        Cubierta,,,0 hrs,0 hrs,0,0001-01-01 00:00:00,0001-01-01 00:00:00,0 days,0%,0%,0%,0 days,30242720,0
          Canoas,,,0 hrs,0 hrs,0,0001-01-01 00:00:00,0001-01-01 00:00:00,0 days,0%,0%,0%,0 days,8734855,0
            Retiro de canoas,,,0 hrs,0 hrs,0,0001-01-01 00:00:00,0001-01-01 00:00:00,0 days,0%,0%,0%,0 days,489359,0
"            Suministro y colocación de canoa en U en lamina galvanizada calibre 24 moldurada, grafada y soldada en las uniones, desarrollo 0.70 m., incluye:embudos, boquillas, tapas, ganchos de fijación, pintura anticorrosiva verde y de acabado color a definir por in",,,0 hrs,0 hrs,0,0001-01-01 00:00:00,0001-01-01 00:00:00,0 days,0%,0%,0%,0 days,8245496,0
          Ruanas,,,0 hrs,0 hrs,0,0001-01-01 00:00:00,0001-01-01 00:00:00,0 days,0%,0%,0%,0 days,7330027,0
            Retiro de ruanas,,,0 hrs,0 hrs,0,0001-01-01 00:00:00,0001-01-01 00:00:00,0 days,0%,0%,0%,0 days,526680,0
"            Suministro y colocación de ruanas en lámina galvanizada calibre 24, incluye mortero, pintura anticorrosiva y a base de aceite, desarrollo 33 cm., pestaña de 5 cm. Canchada de muro, faja en revoque impermeabilizado con filete y todo lo necesario para su co",,,0 hrs,0 hrs,0,0001-01-01 00:00:00,0001-01-01 00:00:00,0 days,0%,0%,0%,0 days,6803347,0
          Mantenimiento,,,0 hrs,0 hrs,0,0001-01-01 00:00:00,0001-01-01 00:00:00,0 days,0%,0%,0%,0 days,13959509,0
"            Reparación de techo en teja de barro. Incluye: retiro de manto existente si es necesario, retiro de teja existente, reistalación de la misma, suministro y colocación de teja (del 20%), tablilla (del 100 %) , impermeabilización con manto asfaltico imperpol",,,0 hrs,0 hrs,0,0001-01-01 00:00:00,0001-01-01 00:00:00,0 days,0%,0%,0%,0 days,13959509,0
          Retiro de bajantes,,,0 hrs,0 hrs,0,0001-01-01 00:00:00,0001-01-01 00:00:00,0 days,0%,0%,0%,0 days,218329,0
        Sistema Eléctrico,,,0 hrs,0 hrs,0,0001-01-01 00:00:00,0001-01-01 00:00:00,0 days,0%,0%,0%,0 days,394042,0
"          Retiro de luminaria existente. Incluye el reintegro donde indique la interventoria dentro de la ciudad de Medellin y los elementos necesarios para su desinstalación. No incluye reparacion, ni chequeo, ni reinstalación.",,,0 hrs,0 hrs,0,0001-01-01 00:00:00,0001-01-01 00:00:00,0 days,0%,0%,0%,0 days,394042,0
  Bloque 3,B3,,0 hrs,0 hrs,37,2024-09-24 09:00:00,0001-01-01 00:00:00,"7,55 days","36,36%",35%,72%,0 days,47309826,17203267.5
    Piso 1,P1,,0 hrs,0 hrs,37,2024-09-24 09:00:00,0001-01-01 00:00:00,"7,55 days","36,36%",35%,72%,0 days,47309826,17203267.5
      Coordinación,B2_P1_COO,,0 hrs,0 hrs,55,2024-09-24 09:00:00,0001-01-01 00:00:00,"2,18 days","61,54%",45%,100%,0 days,7345317,4519980.9
        Cubierta,,,0 hrs,0 hrs,55,2024-09-24 09:00:00,0001-01-01 00:00:00,"2,18 days","61,54%",45%,100%,0 days,7345317,4519980.9
          Canoas,,,0 hrs,0 hrs,33,2024-09-24 09:00:00,0001-01-01 00:00:00,"0,83 days","6,14%",67%,100%,0 days,1194675,73355
            Retiro de canoas,,,0 hrs,0 hrs,100,2024-09-24 09:00:00,2024-09-24 13:00:00,"0,5 days",100%,0%,100%,0 days,73355,73355
"            Suministro y colocación de canoa en U en lamina galvanizada calibre 24 moldurada, grafada y soldada en las uniones, desarrollo 0.70 m., incluye:embudos, boquillas, tapas, ganchos de fijación, pintura anticorrosiva verde y de acabado color a definir por in",,,0 hrs,0 hrs,0,0001-01-01 00:00:00,0001-01-01 00:00:00,0 days,0%,100%,100%,0 days,1121320,0
          Ruanas,,,0 hrs,0 hrs,40,2024-09-24 09:00:00,0001-01-01 00:00:00,"1,6 days","7,19%",60%,100%,0 days,1014097,72866
            Retiro de ruanas,,,0 hrs,0 hrs,100,2024-09-24 09:00:00,2024-09-24 19:00:00,1 day,100%,0%,100%,0 days,72866,72866
"            Suministro y colocación de ruanas en lámina galvanizada calibre 24, incluye mortero, pintura anticorrosiva y a base de aceite, desarrollo 33 cm., pestaña de 5 cm. Canchada de muro, faja en revoque impermeabilizado con filete y todo lo necesario para su co",,,0 hrs,0 hrs,0,0001-01-01 00:00:00,0001-01-01 00:00:00,0 days,0%,100%,100%,0 days,941231,0
          Mantenimiento,B2_P1_COO_MTO,,0 hrs,0 hrs,85,2024-09-24 09:00:00,0001-01-01 00:00:00,"1,27 days",85%,15%,100%,0 days,5085234,4322448.9
"            Reparación de techo en teja de barro. Incluye: retiro de manto existente si es necesario, retiro de teja existente, reistalación de la misma, suministro y colocación de teja (del 20%), tablilla (del 100 %) , impermeabilización con manto asfaltico imperpol",,,0 hrs,0 hrs,85,2024-09-24 09:00:00,0001-01-01 00:00:00,"1,27 days",85%,15%,100%,0 days,5085234,4322448.9
          Retiro de bajantes,,,0 hrs,0 hrs,100,2024-09-24 15:00:00,2024-09-24 19:00:00,"0,5 days",100%,0%,100%,0 days,51311,51311
      Sala de Profesores,B2_P1_SP,,0 hrs,0 hrs,46,2024-09-25 15:00:00,0001-01-01 00:00:00,"1,85 days","60,77%",54%,100%,0 days,7361212,4473179.55
        Cubierta,,,0 hrs,0 hrs,46,2024-09-25 15:00:00,0001-01-01 00:00:00,"1,85 days","60,77%",54%,100%,0 days,7361212,4473179.55
          Canoas,,,0 hrs,0 hrs,33,2024-09-25 15:00:00,0001-01-01 00:00:00,"0,83 days","6,14%",67%,100%,0 days,1194675,73355
            Retiro de canoas,,,0 hrs,0 hrs,100,2024-09-25 15:00:00,2024-09-25 19:00:00,"0,5 days",100%,0%,100%,0 days,73355,73355
"            Suministro y colocación de canoa en U en lamina galvanizada calibre 24 moldurada, grafada y soldada en las uniones, desarrollo 0.70 m., incluye:embudos, boquillas, tapas, ganchos de fijación, pintura anticorrosiva verde y de acabado color a definir por in",,,0 hrs,0 hrs,0,0001-01-01 00:00:00,0001-01-01 00:00:00,0 days,0%,100%,100%,0 days,1121320,0
          Ruanas,,,0 hrs,0 hrs,40,2024-09-25 15:00:00,0001-01-01 00:00:00,"1,6 days","7,19%",60%,100%,0 days,1025663,73696
            Retiro de ruanas,,,0 hrs,0 hrs,100,2024-09-25 15:00:00,2024-09-26 13:00:00,1 day,100%,0%,100%,0 days,73696,73696
"            Suministro y colocación de ruanas en lámina galvanizada calibre 24, incluye mortero, pintura anticorrosiva y a base de aceite, desarrollo 33 cm., pestaña de 5 cm. Canchada de muro, faja en revoque impermeabilizado con filete y todo lo necesario para su co",,,0 hrs,0 hrs,0,0001-01-01 00:00:00,0001-01-01 00:00:00,0 days,0%,100%,100%,0 days,951967,0
          Mantenimiento,,,0 hrs,0 hrs,85,2024-09-25 15:00:00,0001-01-01 00:00:00,"1,27 days",85%,15%,100%,0 days,5089563,4326128.55
"            Reparación de techo en teja de barro. Incluye: retiro de manto existente si es necesario, retiro de teja existente, reistalación de la misma, suministro y colocación de teja (del 20%), tablilla (del 100 %) , impermeabilización con manto asfaltico imperpol",,,0 hrs,0 hrs,85,2024-09-25 15:00:00,0001-01-01 00:00:00,"1,27 days",85%,15%,100%,0 days,5089563,4326128.55
          Retiro de bajantes,,,0 hrs,0 hrs,0,0001-01-01 00:00:00,0001-01-01 00:00:00,0 days,0%,100%,100%,0 days,51311,0
      Baños Niñas,B2_P1_WCM,,0 hrs,0 hrs,55,2024-10-01 15:00:00,0001-01-01 00:00:00,"2,18 days","61,21%",45%,100%,0 days,7878565,4822377.55
        Cubierta,,,0 hrs,0 hrs,55,2024-10-01 15:00:00,0001-01-01 00:00:00,"2,18 days","61,21%",45%,100%,0 days,7878565,4822377.55
          Canoas,,,0 hrs,0 hrs,33,2024-10-01 15:00:00,0001-01-01 00:00:00,"0,83 days","6,2%",67%,100%,0 days,1096518,67939
            Retiro de canoas,,,0 hrs,0 hrs,100,2024-10-01 15:00:00,2024-10-01 19:00:00,"0,5 days",100%,0%,100%,0 days,67939,67939
"            Suministro y colocación de canoa en U en lamina galvanizada calibre 24 moldurada, grafada y soldada en las uniones, desarrollo 0.70 m., incluye:embudos, boquillas, tapas, ganchos de fijación, pintura anticorrosiva verde y de acabado color a definir por in",,,0 hrs,0 hrs,0,0001-01-01 00:00:00,0001-01-01 00:00:00,0 days,0%,100%,100%,0 days,1028579,0
          Ruanas,,,0 hrs,0 hrs,40,2024-10-01 15:00:00,0001-01-01 00:00:00,"1,6 days","7,19%",60%,100%,0 days,1303288,93645
            Retiro de ruanas,,,0 hrs,0 hrs,100,2024-10-01 15:00:00,2024-10-02 13:00:00,1 day,100%,0%,100%,0 days,93645,93645
"            Suministro y colocación de ruanas en lámina galvanizada calibre 24, incluye mortero, pintura anticorrosiva y a base de aceite, desarrollo 33 cm., pestaña de 5 cm. Canchada de muro, faja en revoque impermeabilizado con filete y todo lo necesario para su co",,,0 hrs,0 hrs,0,0001-01-01 00:00:00,0001-01-01 00:00:00,0 days,0%,100%,100%,0 days,1209643,0
          Mantenimiento,B2_P1_WCM_MTO,,0 hrs,0 hrs,85,2024-10-01 15:00:00,0001-01-01 00:00:00,"1,27 days",85%,15%,100%,0 days,5453103,4635137.55
"            Reparación de techo en teja de barro. Incluye: retiro de manto existente si es necesario, retiro de teja existente, reistalación de la misma, suministro y colocación de teja (del 20%), tablilla (del 100 %) , impermeabilización con manto asfaltico imperpol",,,0 hrs,0 hrs,85,2024-10-01 15:00:00,0001-01-01 00:00:00,"1,27 days",85%,15%,100%,0 days,5453103,4635137.55
          Retiro de bajantes,,,0 hrs,0 hrs,100,2024-10-02 09:00:00,2024-10-02 13:00:00,"0,5 days",100%,0%,100%,0 days,25656,25656
      Baños Niños,B2_P1_WCH,,0 hrs,0 hrs,0,0001-01-01 00:00:00,0001-01-01 00:00:00,0 days,0%,100%,100%,0 days,8286212,0
        Cubierta,,,0 hrs,0 hrs,0,0001-01-01 00:00:00,0001-01-01 00:00:00,0 days,0%,100%,100%,0 days,8286212,0
          Canoa,,,0 hrs,0 hrs,0,0001-01-01 00:00:00,0001-01-01 00:00:00,0 days,0%,100%,100%,0 days,1150058,0
            Retiro de canoas,,,0 hrs,0 hrs,0,0001-01-01 00:00:00,0001-01-01 00:00:00,0 days,0%,100%,100%,0 days,70893,0
"            Suministro y colocación de canoa en U en lamina galvanizada calibre 24 moldurada, grafada y soldada en las uniones, desarrollo 0.70 m., incluye:embudos, boquillas, tapas, ganchos de fijación, pintura anticorrosiva verde y de acabado color a definir por in",,,0 hrs,0 hrs,0,0001-01-01 00:00:00,0001-01-01 00:00:00,0 days,0%,100%,100%,0 days,1079165,0
          Ruanas,,,0 hrs,0 hrs,0,0001-01-01 00:00:00,0001-01-01 00:00:00,0 days,0%,100%,100%,0 days,1592478,0
            Retiro de ruanas,,,0 hrs,0 hrs,0,0001-01-01 00:00:00,0001-01-01 00:00:00,0 days,0%,100%,100%,0 days,114424,0
"            Suministro y colocación de ruanas en lámina galvanizada calibre 24, incluye mortero, pintura anticorrosiva y a base de aceite, desarrollo 33 cm., pestaña de 5 cm. Canchada de muro, faja en revoque impermeabilizado con filete y todo lo necesario para su co",,,0 hrs,0 hrs,0,0001-01-01 00:00:00,0001-01-01 00:00:00,0 days,0%,100%,100%,0 days,1478054,0
          Mantenimiento,,,0 hrs,0 hrs,0,0001-01-01 00:00:00,0001-01-01 00:00:00,0 days,0%,100%,100%,0 days,5518020,0
"            Reparación de techo en teja de barro. Incluye: retiro de manto existente si es necesario, retiro de teja existente, reistalación de la misma, suministro y colocación de teja (del 20%), tablilla (del 100 %) , impermeabilización con manto asfaltico imperpol",,,0 hrs,0 hrs,0,0001-01-01 00:00:00,0001-01-01 00:00:00,0 days,0%,100%,100%,0 days,5518020,0
          Retiro de bajantes,,,0 hrs,0 hrs,0,0001-01-01 00:00:00,0001-01-01 00:00:00,0 days,0%,100%,100%,0 days,25656,0
      Circulación,B2_P1_C,,0 hrs,0 hrs,36,2024-10-14 09:00:00,0001-01-01 00:00:00,"2,31 days","20,61%",-36%,0%,0 days,16438520,3387729.5
        Cubierta,,,0 hrs,0 hrs,36,2024-10-14 09:00:00,0001-01-01 00:00:00,"2,31 days","20,61%",-36%,0%,0 days,16438520,3387729.5
          Canoas,,,0 hrs,0 hrs,33,2024-10-14 09:00:00,0001-01-01 00:00:00,"1,5 days","6,25%",-33%,0%,0 days,1016208,63508
            Retiro de canoas,,,0 hrs,0 hrs,100,2024-10-14 09:00:00,2024-10-14 13:00:00,"0,5 days",100%,-100%,0%,0 days,63508,63508
"            Suministro y colocación de canoa en U en lamina galvanizada calibre 24 moldurada, grafada y soldada en las uniones, desarrollo 0.70 m., incluye:embudos, boquillas, tapas, ganchos de fijación, pintura anticorrosiva verde y de acabado color a definir por in",,,0 hrs,0 hrs,0,0001-01-01 00:00:00,0001-01-01 00:00:00,0 days,0%,0%,0%,0 days,952700,0
          Ruanas,,,0 hrs,0 hrs,50,2024-10-14 09:00:00,0001-01-01 00:00:00,"3,25 days","7,19%",-50%,0%,0 days,2919673,209786
            Retiro de ruanas,,,0 hrs,0 hrs,100,2024-10-14 09:00:00,2024-10-15 19:00:00,2 days,100%,-100%,0%,0 days,209786,209786
"            Suministro y colocación de ruanas en lámina galvanizada calibre 24, incluye mortero, pintura anticorrosiva y a base de aceite, desarrollo 33 cm., pestaña de 5 cm. Canchada de muro, faja en revoque impermeabilizado con filete y todo lo necesario para su co",,,0 hrs,0 hrs,0,0001-01-01 00:00:00,0001-01-01 00:00:00,0 days,0%,0%,0%,0 days,2709887,0
          Mantenimiento,B2_P1_C_MTO,,0 hrs,0 hrs,25,2024-10-14 09:00:00,0001-01-01 00:00:00,"0,88 days",25%,-25%,0%,0 days,12457742,3114435.5
"            Reparación de techo en teja de barro. Incluye: retiro de manto existente si es necesario, retiro de teja existente, reistalación de la misma, suministro y colocación de teja (del 20%), tablilla (del 100 %) , impermeabilización con manto asfaltico imperpol",,,0 hrs,0 hrs,25,2024-10-14 09:00:00,0001-01-01 00:00:00,"0,88 days",25%,-25%,0%,0 days,12457742,3114435.5
          Retiro de bajantes,,,0 hrs,0 hrs,0,0001-01-01 00:00:00,0001-01-01 00:00:00,0 days,0%,0%,0%,0 days,44897,0
  Bloque 4,B4,,0 hrs,0 hrs,0,0001-01-01 00:00:00,0001-01-01 00:00:00,0 days,0%,0%,0%,0 days,46859083,0
    Piso 1,P1,,0 hrs,0 hrs,0,0001-01-01 00:00:00,0001-01-01 00:00:00,0 days,0%,0%,0%,0 days,46859083,0
      Aula 1,B2_P1_AU1,,0 hrs,0 hrs,0,0001-01-01 00:00:00,0001-01-01 00:00:00,0 days,0%,0%,0%,0 days,15287674,0
        Cubierta,,,0 hrs,0 hrs,0,0001-01-01 00:00:00,0001-01-01 00:00:00,0 days,0%,0%,0%,0 days,15287674,0
          Canoas,,,0 hrs,0 hrs,0,0001-01-01 00:00:00,0001-01-01 00:00:00,0 days,0%,0%,0%,0 days,2454704,0
            Retiro de canoas,,,0 hrs,0 hrs,0,0001-01-01 00:00:00,0001-01-01 00:00:00,0 days,0%,0%,0%,0 days,161478,0
"            Suministro y colocación de canoa en U en lamina galvanizada calibre 24 moldurada, grafada y soldada en las uniones, desarrollo 0.70 m., incluye:embudos, boquillas, tapas, ganchos de fijación, pintura anticorrosiva verde y de acabado color a definir por in",,,0 hrs,0 hrs,0,0001-01-01 00:00:00,0001-01-01 00:00:00,0 days,0%,0%,0%,0 days,2293226,0
          Ruanas,,,0 hrs,0 hrs,0,0001-01-01 00:00:00,0001-01-01 00:00:00,0 days,0%,0%,0%,0 days,1897094,0
            Retiro de ruanas,,,0 hrs,0 hrs,0,0001-01-01 00:00:00,0001-01-01 00:00:00,0 days,0%,0%,0%,0 days,136312,0
"            Suministro y colocación de ruanas en lámina galvanizada calibre 24, incluye mortero, pintura anticorrosiva y a base de aceite, desarrollo 33 cm., pestaña de 5 cm. Canchada de muro, faja en revoque impermeabilizado con filete y todo lo necesario para su co",,,0 hrs,0 hrs,0,0001-01-01 00:00:00,0001-01-01 00:00:00,0 days,0%,0%,0%,0 days,1760782,0
          Mantenimiento,,,0 hrs,0 hrs,0,0001-01-01 00:00:00,0001-01-01 00:00:00,0 days,0%,0%,0%,0 days,10884565,0
"            Reparación de techo en teja de barro. Incluye: retiro de manto existente si es necesario, retiro de teja existente, reistalación de la misma, suministro y colocación de teja (del 20%), tablilla (del 100 %) , impermeabilización con manto asfaltico imperpol",,,0 hrs,0 hrs,0,0001-01-01 00:00:00,0001-01-01 00:00:00,0 days,0%,0%,0%,0 days,10884565,0
          Retiro de bajantes,,,0 hrs,0 hrs,0,0001-01-01 00:00:00,0001-01-01 00:00:00,0 days,0%,0%,0%,0 days,51311,0
      Aula 2,B2_P1_AU2,,0 hrs,0 hrs,0,0001-01-01 00:00:00,0001-01-01 00:00:00,0 days,0%,0%,0%,0 days,15456292,0
        Cubierta,,,0 hrs,0 hrs,0,0001-01-01 00:00:00,0001-01-01 00:00:00,0 days,0%,0%,0%,0 days,15456292,0
          Canoas,,,0 hrs,0 hrs,0,0001-01-01 00:00:00,0001-01-01 00:00:00,0 days,0%,0%,0%,0 days,2623324,0
            Retiro de canoas,,,0 hrs,0 hrs,0,0001-01-01 00:00:00,0001-01-01 00:00:00,0 days,0%,0%,0%,0 days,161479,0
"            Suministro y colocación de canoa en U en lamina galvanizada calibre 24 moldurada, grafada y soldada en las uniones, desarrollo 0.70 m., incluye:embudos, boquillas, tapas, ganchos de fijación, pintura anticorrosiva verde y de acabado color a definir por in",,,0 hrs,0 hrs,0,0001-01-01 00:00:00,0001-01-01 00:00:00,0 days,0%,0%,0%,0 days,2461845,0
          Ruanas,,,0 hrs,0 hrs,0,0001-01-01 00:00:00,0001-01-01 00:00:00,0 days,0%,0%,0%,0 days,1897092,0
            Retiro de ruanas,,,0 hrs,0 hrs,0,0001-01-01 00:00:00,0001-01-01 00:00:00,0 days,0%,0%,0%,0 days,136310,0
"            Suministro y colocación de ruanas en lámina galvanizada calibre 24, incluye mortero, pintura anticorrosiva y a base de aceite, desarrollo 33 cm., pestaña de 5 cm. Canchada de muro, faja en revoque impermeabilizado con filete y todo lo necesario para su co",,,0 hrs,0 hrs,0,0001-01-01 00:00:00,0001-01-01 00:00:00,0 days,0%,0%,0%,0 days,1760782,0
          Mantenimiento,,,0 hrs,0 hrs,0,0001-01-01 00:00:00,0001-01-01 00:00:00,0 days,0%,0%,0%,0 days,10884565,0
"            Reparación de techo en teja de barro. Incluye: retiro de manto existente si es necesario, retiro de teja existente, reistalación de la misma, suministro y colocación de teja (del 20%), tablilla (del 100 %) , impermeabilización con manto asfaltico imperpol",,,0 hrs,0 hrs,0,0001-01-01 00:00:00,0001-01-01 00:00:00,0 days,0%,0%,0%,0 days,10884565,0
          Retiro de bajantes,,,0 hrs,0 hrs,0,0001-01-01 00:00:00,0001-01-01 00:00:00,0 days,0%,0%,0%,0 days,51311,0
      Circulación,B2_P1_C,,0 hrs,0 hrs,0,0001-01-01 00:00:00,0001-01-01 00:00:00,0 days,0%,0%,0%,0 days,16115117,0
        Cubierta,,,0 hrs,0 hrs,0,0001-01-01 00:00:00,0001-01-01 00:00:00,0 days,0%,0%,0%,0 days,16115117,0
          Canoas,,,0 hrs,0 hrs,0,0001-01-01 00:00:00,0001-01-01 00:00:00,0 days,0%,0%,0%,0 days,2177158,0
            Retiro de canoas,,,0 hrs,0 hrs,0,0001-01-01 00:00:00,0001-01-01 00:00:00,0 days,0%,0%,0%,0 days,136862,0
"            Suministro y colocación de canoa en U en lamina galvanizada calibre 24 moldurada, grafada y soldada en las uniones, desarrollo 0.70 m., incluye:embudos, boquillas, tapas, ganchos de fijación, pintura anticorrosiva verde y de acabado color a definir por in",,,0 hrs,0 hrs,0,0001-01-01 00:00:00,0001-01-01 00:00:00,0 days,0%,0%,0%,0 days,2040296,0
          Ruanas,,,0 hrs,0 hrs,0,0001-01-01 00:00:00,0001-01-01 00:00:00,0 days,0%,0%,0%,0 days,2151581,0
            Retiro de ruanas,,,0 hrs,0 hrs,0,0001-01-01 00:00:00,0001-01-01 00:00:00,0 days,0%,0%,0%,0 days,154597,0
"            Suministro y colocación de ruanas en lámina galvanizada calibre 24, incluye mortero, pintura anticorrosiva y a base de aceite, desarrollo 33 cm., pestaña de 5 cm. Canchada de muro, faja en revoque impermeabilizado con filete y todo lo necesario para su co",,,0 hrs,0 hrs,0,0001-01-01 00:00:00,0001-01-01 00:00:00,0 days,0%,0%,0%,0 days,1996984,0
          Mantenimiento,,,0 hrs,0 hrs,0,0001-01-01 00:00:00,0001-01-01 00:00:00,0 days,0%,0%,0%,0 days,11741481,0
"            Reparación de techo en teja de barro. Incluye: retiro de manto existente si es necesario, retiro de teja existente, reistalación de la misma, suministro y colocación de teja (del 20%), tablilla (del 100 %) , impermeabilización con manto asfaltico imperpol",,,0 hrs,0 hrs,0,0001-01-01 00:00:00,0001-01-01 00:00:00,0 days,0%,0%,0%,0 days,11741481,0
          Retiro de bajantes,,,0 hrs,0 hrs,0,0001-01-01 00:00:00,0001-01-01 00:00:00,0 days,0%,0%,0%,0 days,44897,0
  Bloque 5,B5,,0 hrs,0 hrs,6,2024-10-10 09:00:00,0001-01-01 00:00:00,"1,91 days","6,56%",0%,6%,0 days,96397426,6319460.22
    Piso 1,P1,,0 hrs,0 hrs,6,2024-10-10 09:00:00,0001-01-01 00:00:00,"1,91 days","6,56%",0%,6%,0 days,96397426,6319460.22
      Cocina,B5_P1_COC,,0 hrs,0 hrs,29,2024-10-10 09:00:00,0001-01-01 00:00:00,"2,62 days","34,06%",0%,29%,0 days,18551991,6319460.22
        Cubierta,,,0 hrs,0 hrs,54,2024-10-10 09:00:00,0001-01-01 00:00:00,"2,69 days","49,69%",0%,54%,0 days,12719036,6319460.22
          Canoas,,,0 hrs,0 hrs,50,2024-10-10 09:00:00,0001-01-01 00:00:00,2 days,"5,52%",0%,50%,0 days,669247,36923
            Retiro de canoas,,,0 hrs,0 hrs,100,2024-10-10 09:00:00,2024-10-10 13:00:00,"0,5 days",100%,0%,100%,0 days,36923,36923
"            Suministro y colocación de canoa en U en lamina galvanizada calibre 24 moldurada, grafada y soldada en las uniones, desarrollo 0.70 m., incluye:embudos, boquillas, tapas, ganchos de fijación, pintura anticorrosiva verde y de acabado color a definir por in",,,0 hrs,0 hrs,0,0001-01-01 00:00:00,0001-01-01 00:00:00,0 days,0%,0%,0%,0 days,632324,0
          Ruanas,,,0 hrs,0 hrs,50,2024-10-10 09:00:00,0001-01-01 00:00:00,"2,5 days","7,19%",0%,50%,0 days,1176043,84502
            Retiro de ruanas,,,0 hrs,0 hrs,100,2024-10-10 09:00:00,2024-10-10 19:00:00,1 day,100%,0%,100%,0 days,84502,84502
"            Suministro y colocación de ruanas en lámina galvanizada calibre 24, incluye mortero, pintura anticorrosiva y a base de aceite, desarrollo 33 cm., pestaña de 5 cm. Canchada de muro, faja en revoque impermeabilizado con filete y todo lo necesario para su co",,,0 hrs,0 hrs,0,0001-01-01 00:00:00,0001-01-01 00:00:00,0 days,0%,0%,0%,0 days,1091541,0
          Mantenimiento,,,0 hrs,0 hrs,57,2024-10-10 09:00:00,0001-01-01 00:00:00,2 days,57%,0%,57%,0 days,10873746,6198035.22
"            Reparación de techo en teja de barro. Incluye: retiro de manto existente si es necesario, retiro de teja existente, reistalación de la misma, suministro y colocación de teja (del 20%), tablilla (del 100 %) , impermeabilización con manto asfaltico imperpol",,,0 hrs,0 hrs,57,2024-10-10 09:00:00,0001-01-01 00:00:00,2 days,57%,0%,57%,0 days,10873746,6198035.22
        Muros,,,0 hrs,0 hrs,0,0001-01-01 00:00:00,0001-01-01 00:00:00,0 days,0%,0%,0%,0 days,4868540,0
          Pintura,,,0 hrs,0 hrs,0,0001-01-01 00:00:00,0001-01-01 00:00:00,0 days,0%,0%,0%,0 days,4868540,0
"            Retiro de pintura base aceite con removedor, grata metalica hasta encontrar superficie original. Para cocina",,,0 hrs,0 hrs,0,0001-01-01 00:00:00,0001-01-01 00:00:00,0 days,0%,0%,0%,0 days,595466,0
"            Pintura a base de  agua, vinilo de primera calidad sobre pintura existente, tres manos, incluye resanes, con estuco plastico tipo plastestuco o similar diluido en agua proporciòn 1:2, adecuación de la superficie a intervenir, (rasquetiada). En muro",,,0 hrs,0 hrs,0,0001-01-01 00:00:00,0001-01-01 00:00:00,0 days,0%,0%,0%,0 days,2137897,0
"            Suministro y aplicación de PINTURA EPOXICA EN MUROS Y CIELOS (dos componentes proporción 1:3, no tóxica) tipo epoxiconstrucción de pintuco o equivalente, de primera calidad, semimate, sobre estuco plástico, 2 a 3 manos o las necesarias para lograr una sue",,,0 hrs,0 hrs,0,0001-01-01 00:00:00,0001-01-01 00:00:00,0 days,0%,0%,0%,0 days,2135177,0
        Sistema Eléctrico,,,0 hrs,0 hrs,0,0001-01-01 00:00:00,0001-01-01 00:00:00,0 days,0%,0%,0%,0 days,964415,0
"          Suministro, transporte e instalación de luminaria industrial tipo hermética, con tubo LED difusor en policarbonato, 2x18W T8. Chasis en policarbonato resistente al impacto, 6500°K, 3600lm, IRC=70, 40.000 Horas - L70, IP=65, IK=06, 36W, 100-240V 50/60Hz. I",,,0 hrs,0 hrs,0,0001-01-01 00:00:00,0001-01-01 00:00:00,0 days,0%,0%,0%,0 days,964415,0
      Cuarto de Alimento,B5_P1_COC,,0 hrs,0 hrs,0,0001-01-01 00:00:00,0001-01-01 00:00:00,0 days,0%,0%,0%,0 days,17055376,0
        Cubierta,,,0 hrs,0 hrs,0,0001-01-01 00:00:00,0001-01-01 00:00:00,0 days,0%,0%,0%,0 days,13730580,0
          Canoas,,,0 hrs,0 hrs,0,0001-01-01 00:00:00,0001-01-01 00:00:00,0 days,0%,0%,0%,0 days,578968,0
            Retiro de canoas,,,0 hrs,0 hrs,0,0001-01-01 00:00:00,0001-01-01 00:00:00,0 days,0%,0%,0%,0 days,39385,0
"            Suministro y colocación de canoa en U en lamina galvanizada calibre 24 moldurada, grafada y soldada en las uniones, desarrollo 0.70 m., incluye:embudos, boquillas, tapas, ganchos de fijación, pintura anticorrosiva verde y de acabado color a definir por in",,,0 hrs,0 hrs,0,0001-01-01 00:00:00,0001-01-01 00:00:00,0 days,0%,0%,0%,0 days,539583,0
          Ruanas,,,0 hrs,0 hrs,0,0001-01-01 00:00:00,0001-01-01 00:00:00,0 days,0%,0%,0%,0 days,925411,0
            Retiro de ruanas,,,0 hrs,0 hrs,0,0001-01-01 00:00:00,0001-01-01 00:00:00,0 days,0%,0%,0%,0 days,66493,0
"            Suministro y colocación de ruanas en lámina galvanizada calibre 24, incluye mortero, pintura anticorrosiva y a base de aceite, desarrollo 33 cm., pestaña de 5 cm. Canchada de muro, faja en revoque impermeabilizado con filete y todo lo necesario para su co",,,0 hrs,0 hrs,0,0001-01-01 00:00:00,0001-01-01 00:00:00,0 days,0%,0%,0%,0 days,858918,0
          Mantenimiento,,,0 hrs,0 hrs,0,0001-01-01 00:00:00,0001-01-01 00:00:00,0 days,0%,0%,0%,0 days,12226201,0
"            Reparación de techo en teja de barro. Incluye: retiro de manto existente si es necesario, retiro de teja existente, reistalación de la misma, suministro y colocación de teja (del 20%), tablilla (del 100 %) , impermeabilización con manto asfaltico imperpol",,,0 hrs,0 hrs,0,0001-01-01 00:00:00,0001-01-01 00:00:00,0 days,0%,0%,0%,0 days,12226201,0
        Muros,,,0 hrs,0 hrs,0,0001-01-01 00:00:00,0001-01-01 00:00:00,0 days,0%,0%,0%,0 days,3324796,0
          Pintura,,,0 hrs,0 hrs,0,0001-01-01 00:00:00,0001-01-01 00:00:00,0 days,0%,0%,0%,0 days,3324796,0
"            Retiro de pintura base aceite con removedor, grata metalica hasta encontrar superficie original. Para cocina",,,0 hrs,0 hrs,0,0001-01-01 00:00:00,0001-01-01 00:00:00,0 days,0%,0%,0%,0 days,25656,0
"            Pintura a base de  agua, vinilo de primera calidad sobre pintura existente, tres manos, incluye resanes, con estuco plastico tipo plastestuco o similar diluido en agua proporciòn 1:2, adecuación de la superficie a intervenir, (rasquetiada). En muro",,,0 hrs,0 hrs,0,0001-01-01 00:00:00,0001-01-01 00:00:00,0 days,0%,0%,0%,0 days,2668971,0
"            Suministro y aplicación de PINTURA EPOXICA EN MUROS Y CIELOS (dos componentes proporción 1:3, no tóxica) tipo epoxiconstrucción de pintuco o equivalente, de primera calidad, semimate, sobre estuco plástico, 2 a 3 manos o las necesarias para lograr una sue",,,0 hrs,0 hrs,0,0001-01-01 00:00:00,0001-01-01 00:00:00,0 days,0%,0%,0%,0 days,630169,0
      Baño de Cambio,B5_P1_WCC,,0 hrs,0 hrs,0,0001-01-01 00:00:00,0001-01-01 00:00:00,0 days,0%,0%,0%,0 days,12356465,0
        Cubierta,,,0 hrs,0 hrs,0,0001-01-01 00:00:00,0001-01-01 00:00:00,0 days,0%,0%,0%,0 days,12356465,0
          Canoas,,,0 hrs,0 hrs,0,0001-01-01 00:00:00,0001-01-01 00:00:00,0 days,0%,0%,0%,0 days,918051,0
            Retiro de canoas,,,0 hrs,0 hrs,0,0001-01-01 00:00:00,0001-01-01 00:00:00,0 days,0%,0%,0%,0 days,58092,0
"            Suministro y colocación de canoa en U en lamina galvanizada calibre 24 moldurada, grafada y soldada en las uniones, desarrollo 0.70 m., incluye:embudos, boquillas, tapas, ganchos de fijación, pintura anticorrosiva verde y de acabado color a definir por in",,,0 hrs,0 hrs,0,0001-01-01 00:00:00,0001-01-01 00:00:00,0 days,0%,0%,0%,0 days,859959,0
          Ruanas,,,0 hrs,0 hrs,0,0001-01-01 00:00:00,0001-01-01 00:00:00,0 days,0%,0%,0%,0 days,917700,0
            Retiro de ruanas,,,0 hrs,0 hrs,0,0001-01-01 00:00:00,0001-01-01 00:00:00,0 days,0%,0%,0%,0 days,65940,0
"            Suministro y colocación de ruanas en lámina galvanizada calibre 24, incluye mortero, pintura anticorrosiva y a base de aceite, desarrollo 33 cm., pestaña de 5 cm. Canchada de muro, faja en revoque impermeabilizado con filete y todo lo necesario para su co",,,0 hrs,0 hrs,0,0001-01-01 00:00:00,0001-01-01 00:00:00,0 days,0%,0%,0%,0 days,851760,0
          Mantenimiento,,,0 hrs,0 hrs,0,0001-01-01 00:00:00,0001-01-01 00:00:00,0 days,0%,0%,0%,0 days,10495058,0
"            Reparación de techo en teja de barro. Incluye: retiro de manto existente si es necesario, retiro de teja existente, reistalación de la misma, suministro y colocación de teja (del 20%), tablilla (del 100 %) , impermeabilización con manto asfaltico imperpol",,,0 hrs,0 hrs,0,0001-01-01 00:00:00,0001-01-01 00:00:00,0 days,0%,0%,0%,0 days,10495058,0
          Retiro de bajantes,,,0 hrs,0 hrs,0,0001-01-01 00:00:00,0001-01-01 00:00:00,0 days,0%,0%,0%,0 days,25656,0
      Comedor,B5_P1_CO,,0 hrs,0 hrs,0,0001-01-01 00:00:00,0001-01-01 00:00:00,0 days,0%,0%,0%,0 days,24137291,0
        Cubierta,,,0 hrs,0 hrs,0,0001-01-01 00:00:00,0001-01-01 00:00:00,0 days,0%,0%,0%,0 days,20225021,0
          Canoas,,,0 hrs,0 hrs,0,0001-01-01 00:00:00,0001-01-01 00:00:00,0 days,0%,0%,0%,0 days,2641295,0
            Retiro de canoas,,,0 hrs,0 hrs,0,0001-01-01 00:00:00,0001-01-01 00:00:00,0 days,0%,0%,0%,0 days,145725,0
"            Suministro y colocación de canoa en U en lamina galvanizada calibre 24 moldurada, grafada y soldada en las uniones, desarrollo 0.70 m., incluye:embudos, boquillas, tapas, ganchos de fijación, pintura anticorrosiva verde y de acabado color a definir por in",,,0 hrs,0 hrs,0,0001-01-01 00:00:00,0001-01-01 00:00:00,0 days,0%,0%,0%,0 days,2495570,0
          Ruanas,,,0 hrs,0 hrs,0,0001-01-01 00:00:00,0001-01-01 00:00:00,0 days,0%,0%,0%,0 days,2760809,0
            Retiro de ruanas,,,0 hrs,0 hrs,0,0001-01-01 00:00:00,0001-01-01 00:00:00,0 days,0%,0%,0%,0 days,198371,0
"            Suministro y colocación de ruanas en lámina galvanizada calibre 24, incluye mortero, pintura anticorrosiva y a base de aceite, desarrollo 33 cm., pestaña de 5 cm. Canchada de muro, faja en revoque impermeabilizado con filete y todo lo necesario para su co",,,0 hrs,0 hrs,0,0001-01-01 00:00:00,0001-01-01 00:00:00,0 days,0%,0%,0%,0 days,2562438,0
          Mantenimiento,,,0 hrs,0 hrs,0,0001-01-01 00:00:00,0001-01-01 00:00:00,0 days,0%,0%,0%,0 days,14822917,0
"            Reparación de techo en teja de barro. Incluye: retiro de manto existente si es necesario, retiro de teja existente, reistalación de la misma, suministro y colocación de teja (del 20%), tablilla (del 100 %) , impermeabilización con manto asfaltico imperpol",,,0 hrs,0 hrs,0,0001-01-01 00:00:00,0001-01-01 00:00:00,0 days,0%,0%,0%,0 days,14822917,0
        Muros,,,0 hrs,0 hrs,0,0001-01-01 00:00:00,0001-01-01 00:00:00,0 days,0%,0%,0%,0 days,3912270,0
          Pintura,,,0 hrs,0 hrs,0,0001-01-01 00:00:00,0001-01-01 00:00:00,0 days,0%,0%,0%,0 days,2754972,0
"            Suministro y aplicación de PINTURA EPOXICA EN MUROS Y CIELOS (dos componentes proporción 1:3, no tóxica) tipo epoxiconstrucción de pintuco o equivalente, de primera calidad, semimate, sobre estuco plástico, 2 a 3 manos o las necesarias para lograr una sue",,,0 hrs,0 hrs,0,0001-01-01 00:00:00,0001-01-01 00:00:00,0 days,0%,0%,0%,0 days,2754972,0
          Sistema Eléctrico,,,0 hrs,0 hrs,0,0001-01-01 00:00:00,0001-01-01 00:00:00,0 days,0%,0%,0%,0 days,1157298,0
"            Suministro, transporte e instalación de luminaria industrial tipo hermética, con tubo LED difusor en policarbonato, 2x18W T8. Chasis en policarbonato resistente al impacto, 6500°K, 3600lm, IRC=70, 40.000 Horas - L70, IP=65, IK=06, 36W, 100-240V 50/60Hz. I",,,0 hrs,0 hrs,0,0001-01-01 00:00:00,0001-01-01 00:00:00,0 days,0%,0%,0%,0 days,1157298,0
      Biblioteca,B5_P1_BB,,0 hrs,0 hrs,0,0001-01-01 00:00:00,0001-01-01 00:00:00,0 days,0%,0%,0%,0 days,18281905,0
        Cubierta,,,0 hrs,0 hrs,0,0001-01-01 00:00:00,0001-01-01 00:00:00,0 days,0%,0%,0%,0 days,17317490,0
          Canoas,,,0 hrs,0 hrs,0,0001-01-01 00:00:00,0001-01-01 00:00:00,0 days,0%,0%,0%,0 days,5040612,0
            Retiro de canoas,,,0 hrs,0 hrs,0,0001-01-01 00:00:00,0001-01-01 00:00:00,0 days,0%,0%,0%,0 days,285541,0
"            Suministro y colocación de canoa en U en lamina galvanizada calibre 24 moldurada, grafada y soldada en las uniones, desarrollo 0.70 m., incluye:embudos, boquillas, tapas, ganchos de fijación, pintura anticorrosiva verde y de acabado color a definir por in",,,0 hrs,0 hrs,0,0001-01-01 00:00:00,0001-01-01 00:00:00,0 days,0%,0%,0%,0 days,4755071,0
          Ruanas,,,0 hrs,0 hrs,0,0001-01-01 00:00:00,0001-01-01 00:00:00,0 days,0%,0%,0%,0 days,3894439,0
            Retiro de ruanas,,,0 hrs,0 hrs,0,0001-01-01 00:00:00,0001-01-01 00:00:00,0 days,0%,0%,0%,0 days,279825,0
"            Suministro y colocación de ruanas en lámina galvanizada calibre 24, incluye mortero, pintura anticorrosiva y a base de aceite, desarrollo 33 cm., pestaña de 5 cm. Canchada de muro, faja en revoque impermeabilizado con filete y todo lo necesario para su co",,,0 hrs,0 hrs,0,0001-01-01 00:00:00,0001-01-01 00:00:00,0 days,0%,0%,0%,0 days,3614614,0
          Mantenimiento,,,0 hrs,0 hrs,0,0001-01-01 00:00:00,0001-01-01 00:00:00,0 days,0%,0%,0%,0 days,8331128,0
"            Reparación de techo en teja de barro. Incluye: retiro de manto existente si es necesario, retiro de teja existente, reistalación de la misma, suministro y colocación de teja (del 20%), tablilla (del 100 %) , impermeabilización con manto asfaltico imperpol",,,0 hrs,0 hrs,0,0001-01-01 00:00:00,0001-01-01 00:00:00,0 days,0%,0%,0%,0 days,8331128,0
          Retiro de bajantes,,,0 hrs,0 hrs,0,0001-01-01 00:00:00,0001-01-01 00:00:00,0 days,0%,0%,0%,0 days,51311,0
        Sistema Eléctrico,,,0 hrs,0 hrs,0,0001-01-01 00:00:00,0001-01-01 00:00:00,0 days,0%,0%,0%,0 days,964415,0
"          Suministro, transporte e instalación de luminaria industrial tipo hermética, con tubo LED difusor en policarbonato, 2x18W T8. Chasis en policarbonato resistente al impacto, 6500°K, 3600lm, IRC=70, 40.000 Horas - L70, IP=65, IK=06, 36W, 100-240V 50/60Hz. I",,,0 hrs,0 hrs,0,0001-01-01 00:00:00,0001-01-01 00:00:00,0 days,0%,0%,0%,0 days,964415,0
      Circulación,B5_P1_C,,0 hrs,0 hrs,0,0001-01-01 00:00:00,0001-01-01 00:00:00,0 days,0%,0%,0%,0 days,6014398,0
        Cubierta,,,0 hrs,0 hrs,0,0001-01-01 00:00:00,0001-01-01 00:00:00,0 days,0%,0%,0%,0 days,5435749,0
          Canoas,,,0 hrs,0 hrs,0,0001-01-01 00:00:00,0001-01-01 00:00:00,0 days,0%,0%,0%,0 days,2369779,0
            Retiro de canoas,,,0 hrs,0 hrs,0,0001-01-01 00:00:00,0001-01-01 00:00:00,0 days,0%,0%,0%,0 days,137257,0
"            Suministro y colocación de canoa en U en lamina galvanizada calibre 24 moldurada, grafada y soldada en las uniones, desarrollo 0.70 m., incluye:embudos, boquillas, tapas, ganchos de fijación, pintura anticorrosiva verde y de acabado color a definir por in",,,0 hrs,0 hrs,0,0001-01-01 00:00:00,0001-01-01 00:00:00,0 days,0%,0%,0%,0 days,2232522,0
          Ruanas,,,0 hrs,0 hrs,0,0001-01-01 00:00:00,0001-01-01 00:00:00,0 days,0%,0%,0%,0 days,2163148,0
            Retiro de ruanas,,,0 hrs,0 hrs,0,0001-01-01 00:00:00,0001-01-01 00:00:00,0 days,0%,0%,0%,0 days,155427,0
"            Suministro y colocación de ruanas en lámina galvanizada calibre 24, incluye mortero, pintura anticorrosiva y a base de aceite, desarrollo 33 cm., pestaña de 5 cm. Canchada de muro, faja en revoque impermeabilizado con filete y todo lo necesario para su co",,,0 hrs,0 hrs,0,0001-01-01 00:00:00,0001-01-01 00:00:00,0 days,0%,0%,0%,0 days,2007721,0
          Mantenimiento,,,0 hrs,0 hrs,0,0001-01-01 00:00:00,0001-01-01 00:00:00,0 days,0%,0%,0%,0 days,861243,0
"            Reparación de techo en teja de barro. Incluye: retiro de manto existente si es necesario, retiro de teja existente, reistalación de la misma, suministro y colocación de teja (del 20%), tablilla (del 100 %) , impermeabilización con manto asfaltico imperpol",,,0 hrs,0 hrs,0,0001-01-01 00:00:00,0001-01-01 00:00:00,0 days,0%,0%,0%,0 days,861243,0
          Retiro de bajantes,,,0 hrs,0 hrs,0,0001-01-01 00:00:00,0001-01-01 00:00:00,0 days,0%,0%,0%,0 days,41579,0
        Sistema Eléctrico,,,0 hrs,0 hrs,0,0001-01-01 00:00:00,0001-01-01 00:00:00,0 days,0%,0%,0%,0 days,578649,0
"          Suministro, transporte e instalación de luminaria industrial tipo hermética, con tubo LED difusor en policarbonato, 2x18W T8. Chasis en policarbonato resistente al impacto, 6500°K, 3600lm, IRC=70, 40.000 Horas - L70, IP=65, IK=06, 36W, 100-240V 50/60Hz. I",,,0 hrs,0 hrs,0,0001-01-01 00:00:00,0001-01-01 00:00:00,0 days,0%,0%,0%,0 days,578649,0
  Bloque 6,B6,,0 hrs,0 hrs,2,2024-09-12 09:00:00,0001-01-01 00:00:00,"1,17 days",0%,0%,2%,0 days,29652741,0
    Piso 1,P1,,0 hrs,0 hrs,2,2024-09-12 09:00:00,0001-01-01 00:00:00,"1,17 days",0%,0%,2%,0 days,29652741,0
      Portería,B6_P1_GP,,0 hrs,0 hrs,2,2024-09-12 09:00:00,0001-01-01 00:00:00,"1,17 days",0%,0%,2%,0 days,29652741,0
        Piso,,,0 hrs,0 hrs,0,0001-01-01 00:00:00,0001-01-01 00:00:00,0 days,0%,0%,0%,0 days,3669722,0
"          Corte de pisos en concreto por medios mecanicos hasta 2""",,,0 hrs,0 hrs,0,0001-01-01 00:00:00,0001-01-01 00:00:00,0 days,0%,0%,0%,0 days,67284,0
"          DEMOLICIÓN DE ANDENES Y PISOS en concreto (acabado y soporte) de espesor máximo de 0.30 m. incluye cargue, transporte y botada de escombros en sitio oficial. Incluye compresor neumático con martillo, retiros de tapas de instalaciones de servicios públicos",,,0 hrs,0 hrs,0,0001-01-01 00:00:00,0001-01-01 00:00:00,0 days,0%,0%,0%,0 days,113087,0
"          Excavacion  a mano o a maquina en material heterogeneo ( rocas hasta volumenes de 0.10 ) bajo cualquier grado de humedad, para estructuras( diferentes a pilas),para redes y obras complementarias. De 0.00 a 2.00 mt. De profundidad. A mano",,,0 hrs,0 hrs,0,0001-01-01 00:00:00,0001-01-01 00:00:00,0 days,0%,0%,0%,0 days,78776,0
"          Cargue y botada de escombros provenientes de explanaciones y excavaciones, medido en sitio compactado. El precio incluye el factor de expansión de material,empacado en costales",,,0 hrs,0 hrs,0,0001-01-01 00:00:00,0001-01-01 00:00:00,0 days,0%,0%,0%,0 days,528944,0
          Malla electrosoldada tipo D 84.,,,0 hrs,0 hrs,0,0001-01-01 00:00:00,0001-01-01 00:00:00,0 days,0%,0%,0%,0 days,25883,0
"          Suministro y colocacion de concreto  f' c= 21 Mpa (210 Kg/cm2),  incluye formaleta, desmoltante, proteccion y curado para estructuras de acuerdo con las diferentes dimensiones establecidas en los planos y diseños.. Para vigas de amarre de fundación.",,,0 hrs,0 hrs,0,0001-01-01 00:00:00,0001-01-01 00:00:00,0 days,0%,0%,0%,0 days,1425298,0
"          Construcción de piso en  concreto de   21 Mpa., Incluye juntas de dilatación y acabado como lo determine la interventoría. De espesor  0,08 m.",,,0 hrs,0 hrs,0,0001-01-01 00:00:00,0001-01-01 00:00:00,0 days,0%,0%,0%,0 days,544298,0
          Construccion de llenos compactados con material de subbase granular.,,,0 hrs,0 hrs,0,0001-01-01 00:00:00,0001-01-01 00:00:00,0 days,0%,0%,0%,0 days,196661,0
"          Suminstro e instalacion de enchape pared 30 X 60 cm, enchape rectificado, pasta blanca de Corona o similar Incluye: pegacor, concolor , varilla tipo wing en aluminio anodizado blanco en esquinas y cambio de dirección y todos los demás elementos necesarios",,,0 hrs,0 hrs,0,0001-01-01 00:00:00,0001-01-01 00:00:00,0 days,0%,0%,0%,0 days,265854,0
"          Suministro e instalación de piso ceramica tipo mikonos de 33,8 mm. X33,8 mm. color a definir en obra ,para unidades sanitarias y restaurantes , incluye mortero de nivelación 1:5 y pegacor.",,,0 hrs,0 hrs,0,0001-01-01 00:00:00,0001-01-01 00:00:00,0 days,0%,0%,0%,0 days,423637,0
        Muro,,,0 hrs,0 hrs,0,0001-01-01 00:00:00,0001-01-01 00:00:00,0 days,0%,0%,0%,0 days,9181704,0
          Viga,,,0 hrs,0 hrs,0,0001-01-01 00:00:00,0001-01-01 00:00:00,0 days,0%,0%,0%,0 days,2093166,0
            F y = 420 Mpa. (4200 kg/cm².),,,0 hrs,0 hrs,0,0001-01-01 00:00:00,0001-01-01 00:00:00,0 days,0%,0%,0%,0 days,1134452,0
"            Viga area de 0,20x 0,20 acabado a la vista",,,0 hrs,0 hrs,0,0001-01-01 00:00:00,0001-01-01 00:00:00,0 days,0%,0%,0%,0 days,958714,0
"          Construcción de MAMPOSTERÍA EN BLOQUE DE CONCRETO 13 Mpa. TIPO CATALÁN DE 10 x 15 x 30 cm, ESPESOR DE 15 cm. Color ROJO, NEGRO, VERDE OLIVA, JASPE, TERRACOTA, MARRÓN, ANTICADO,ARENA, OCRE que cumpla norma NTC 4026 y 4076. Incluye: mortero de pega 0.25:1:4",,,0 hrs,0 hrs,0,0001-01-01 00:00:00,0001-01-01 00:00:00,0 days,0%,0%,0%,0 days,4424109,0
          Concreto grauting para vaciado en mamposteria estructural.,,,0 hrs,0 hrs,0,0001-01-01 00:00:00,0001-01-01 00:00:00,0 days,0%,0%,0%,0 days,630688,0
"          Construcción de dinteles en concreto de 21 Mpa. Incluye: formaleta, protección y curado. No incluye refuerzo. De 0,15x0,20m.",,,0 hrs,0 hrs,0,0001-01-01 00:00:00,0001-01-01 00:00:00,0 days,0%,0%,0%,0 days,257840,0
          Suministro y colocacion de chapa en catalan 10x30 cm. Utilizar cortadora.,,,0 hrs,0 hrs,0,0001-01-01 00:00:00,0001-01-01 00:00:00,0 days,0%,0%,0%,0 days,85039,0
          Suministro y aplicaciòn de hidrófugo impermeabilizante del tipo siliconite o similar para mamposteria de fachadas dos manos,,,0 hrs,0 hrs,0,0001-01-01 00:00:00,0001-01-01 00:00:00,0 days,0%,0%,0%,0 days,1690862,0
        Cubierta,,,0 hrs,0 hrs,22,2024-09-12 09:00:00,0001-01-01 00:00:00,"10,33 days",0%,0%,22%,0 days,3896011,0
          Teja,,,0 hrs,0 hrs,40,2024-09-12 09:00:00,0001-01-01 00:00:00,"17,8 days",0%,0%,40%,0 days,1850863,0
"            Construcción de techo en teja de barro.El contratista calculara la estructura para una carga de 210 kg/m2 se requiere diseño estructural y memorias con previa aprobaciòn de la interventoria, incluye: alfardas de secciòn 21/2""x6"" comerciales, solera 21/2""x",,,0 hrs,0 hrs,0,0001-01-01 00:00:00,0001-01-01 00:00:00,0 days,0%,0%,0%,0 days,1850863,0
            <Tarea nueva>,,,0 hrs,0 hrs,100,2024-09-12 09:00:00,2024-09-12 19:00:00,1 day,System.Object,0%,100%,0 days,0,0
          Mantenimiento,,,0 hrs,0 hrs,0,0001-01-01 00:00:00,0001-01-01 00:00:00,0 days,0%,0%,0%,0 days,1103604,0
"            Reparación de techo en teja de barro. Incluye: retiro de manto existente si es necesario, retiro de teja existente, reistalación de la misma, suministro y colocación de teja (del 20%), tablilla (del 100 %) , impermeabilización con manto asfaltico imperpol",,,0 hrs,0 hrs,0,0001-01-01 00:00:00,0001-01-01 00:00:00,0 days,0%,0%,0%,0 days,1103604,0
          Canoa,,,0 hrs,0 hrs,0,0001-01-01 00:00:00,0001-01-01 00:00:00,0 days,0%,0%,0%,0 days,433352,0
"            Suministro y colocación de canoa en U en lamina galvanizada calibre 24 moldurada, grafada y soldada en las uniones, desarrollo 0.70 m., incluye:embudos, boquillas, tapas, ganchos de fijación, pintura anticorrosiva verde y de acabado color a definir por in",,,0 hrs,0 hrs,0,0001-01-01 00:00:00,0001-01-01 00:00:00,0 days,0%,0%,0%,0 days,433352,0
          Ruana,,,0 hrs,0 hrs,0,0001-01-01 00:00:00,0001-01-01 00:00:00,0 days,0%,0%,0%,0 days,508192,0
"            Suministro y colocación de ruanas en lámina galvanizada calibre 24, incluye mortero, pintura anticorrosiva y a base de aceite, desarrollo 33 cm., pestaña de 5 cm. Canchada de muro, faja en revoque impermeabilizado con filete y todo lo necesario para su co",,,0 hrs,0 hrs,0,0001-01-01 00:00:00,0001-01-01 00:00:00,0 days,0%,0%,0%,0 days,508192,0
        Red Sanitaria,,,0 hrs,0 hrs,0,0001-01-01 00:00:00,0001-01-01 00:00:00,0 days,0%,0%,0%,0 days,3236956,0
"          Suministro  y colocación de tubería   PVC-S  para aguas negras y aguas lluvias. Incluye: accesorios, limpiador y soldaduras . Ø =  2"".",,,0 hrs,0 hrs,0,0001-01-01 00:00:00,0001-01-01 00:00:00,0 days,0%,0%,0%,0 days,260883,0
"          Suministro  y colocación de tubería   PVC-S  para aguas negras y aguas lluvias. Incluye: accesorios, limpiador y soldaduras . Ø =  4"".",,,0 hrs,0 hrs,0,0001-01-01 00:00:00,0001-01-01 00:00:00,0 days,0%,0%,0%,0 days,516612,0
"          Construcción de salidas sanitarias en tuberia PVC-S; incluye accesorios ( considerada de la Yee al aparato). En 2 pulgadas, de L=1,50/2,00 m.",,,0 hrs,0 hrs,0,0001-01-01 00:00:00,0001-01-01 00:00:00,0 days,0%,0%,0%,0 days,350404,0
"          Construcción de salidas sanitarias en tuberia PVC-S; incluye accesorios ( considerada de la Yee al aparato). En 4 pulgadas, de L=1,50/2,00 m.",,,0 hrs,0 hrs,0,0001-01-01 00:00:00,0001-01-01 00:00:00,0 days,0%,0%,0%,0 days,182194,0
"          Suministro y colocación de Sanitario bajo consumo, a color. Incluye: brida de fijación, tapon con rosca para brida del color del sanitario, grifería, abasto metálico,( con manguera flexible), emboquillado con silicona antihongos y todos los elementos nece",,,0 hrs,0 hrs,0,0001-01-01 00:00:00,0001-01-01 00:00:00,0 days,0%,0%,0%,0 days,750572,0
"          Suministro y colocación de Lavamanos Integral, a color. Incluye Griferia Koral metalica, baja para lavamanos, llave de abastos y todos los elementos necesarios para su correcto funcionamiento.",,,0 hrs,0 hrs,0,0001-01-01 00:00:00,0001-01-01 00:00:00,0 days,0%,0%,0%,0 days,547413,0
"          Suministro y colocación de rejilla de piso anti cucarachas en acero inoxidable 10X10 tipo grival o similar. Ø =  2"".",,,0 hrs,0 hrs,0,0001-01-01 00:00:00,0001-01-01 00:00:00,0 days,0%,0%,0%,0 days,64556,0
"          Suministro, transporte e instalación de lavaescobas prefabricado en granito + cemento blanco de 0,60 m. x 0,42 x 0,25 m. tipo Cimbrados. Incluye : desagüe conformado por 1 unión, tubería PVC- S de 11/2"", 1 sifón con tapón roscado, 1 codo de 90 c x c, 1 ad",,,0 hrs,0 hrs,0,0001-01-01 00:00:00,0001-01-01 00:00:00,0 days,0%,0%,0%,0 days,564322,0
        Red  Hidraúlica,,,0 hrs,0 hrs,0,0001-01-01 00:00:00,0001-01-01 00:00:00,0 days,0%,0%,0%,0 days,1156151,0
"          Suministro y colocación de tubería  PVC.  Presión , incluye accesorios,limpiador y soldaduras Ø =  ½"" RDE 9",,,0 hrs,0 hrs,0,0001-01-01 00:00:00,0001-01-01 00:00:00,0 days,0%,0%,0%,0 days,111101,0
"          Suministro y colocación de tubería  PVC.  Presión , incluye accesorios,limpiador y soldaduras.  Ø =  ¾"".RDE 11",,,0 hrs,0 hrs,0,0001-01-01 00:00:00,0001-01-01 00:00:00,0 days,0%,0%,0%,0 days,66205,0
"          Construcción de salida hidraulica en tuberia PVC-P; incluye: tuberia , accesorios, camara de aire y terminales en cobre, limpiador , soldadura, L= 0,50 a 2,00 m. ( considerada de red principal al aparato). Ø =  ½"" RDE 9, 500 PSI",,,0 hrs,0 hrs,0,0001-01-01 00:00:00,0001-01-01 00:00:00,0 days,0%,0%,0%,0 days,431946,0
"          Suministro, transporte e instalación de abasto llave metalica.Incluye: retiro del existente. Griferia Koral metalica, baja para lavamanos",,,0 hrs,0 hrs,0,0001-01-01 00:00:00,0001-01-01 00:00:00,0 days,0%,0%,0%,0 days,341751,0
"          Suministro e instalación de llaves de paso, tipo Red white. Incluye todos los accesorios necesarios para su correcto funcionamiento, de : Diametro 3/4""",,,0 hrs,0 hrs,0,0001-01-01 00:00:00,0001-01-01 00:00:00,0 days,0%,0%,0%,0 days,205148,0
        Carpintería Metálica,,,0 hrs,0 hrs,0,0001-01-01 00:00:00,0001-01-01 00:00:00,0 days,0%,0%,0%,0 days,2364823,0
          Puerta,,,0 hrs,0 hrs,0,0001-01-01 00:00:00,0001-01-01 00:00:00,0 days,0%,0%,0%,0 days,1667768,0
"            Suministro, transporte e instalación de puerta metálica, un (1) ala batiente en lámina cold rolled calibre 18, entamborada lisa, rellena con porón (poliuretano expandido), con bastidor perimetral en tubería PTS de 40x40x2 mm. y refuerzos horizontales en t",,,0 hrs,0 hrs,0,0001-01-01 00:00:00,0001-01-01 00:00:00,0 days,0%,0%,0%,0 days,1667768,0
          Ventana,,,0 hrs,0 hrs,0,0001-01-01 00:00:00,0001-01-01 00:00:00,0 days,0%,0%,0%,0 days,697055,0
"            Suministro, transporte y colocación de ventanas en aluminio anodizado natural y cristal templado de 6 mm., sistema 8025 de alúmina o equivalente y sistema Vp-3831. parte superior en celosía fija de aluminio anodizado natural, parte inferior dividida en va",,,0 hrs,0 hrs,0,0001-01-01 00:00:00,0001-01-01 00:00:00,0 days,0%,0%,0%,0 days,697055,0
        Sistema Eléctrico,,,0 hrs,0 hrs,0,0001-01-01 00:00:00,0001-01-01 00:00:00,0 days,0%,0%,0%,0 days,6147374,0
"          Inspección, diagnóstico y adecuación de redes electricas ante fallas de energía y emergencias que afecten la continuidad del proceso educativo. Incluye: diagnóstico, restablecimiento del servicio de energía, reencendido de equipos, corrección/aislamiento ",,,0 hrs,0 hrs,0,0001-01-01 00:00:00,0001-01-01 00:00:00,0 days,0%,0%,0%,0 days,348598,0
          Mano de obra para la organización de cableados varios existentes en canaleta 11x5/12x5 cm. No incluye canaleta.,,,0 hrs,0 hrs,0,0001-01-01 00:00:00,0001-01-01 00:00:00,0 days,0%,0%,0%,0 days,697196,0
          Retiro de instalaciones y elementos eléctricos existentes. Incluye el reintegro donde la interventoría/supervisión lo indique.,,,0 hrs,0 hrs,0,0001-01-01 00:00:00,0001-01-01 00:00:00,0 days,0%,0%,0%,0 days,348598,0
"          Suministro, transporte e instalación de tubería metálica EMT 1/2"". Incluye adaptadores, uniones, grapas doble ala, marcación y demás accesorios necesarios para su correcta instalación.",,,0 hrs,0 hrs,0,0001-01-01 00:00:00,0001-01-01 00:00:00,0 days,0%,0%,0%,0 days,976679,0
"          Suministro, transporte e instalación de caja metálica 12X12X5cm, de sobreponer, con tapa atornillada (tapa lisa/tapa toma/tapa suiche), calibre 20, pintura electrostática gris. Incluye accesorios de fijación y demás elementos necesarios para su correcta i",,,0 hrs,0 hrs,0,0001-01-01 00:00:00,0001-01-01 00:00:00,0 days,0%,0%,0%,0 days,164646,0
"          Suministro, transporte e instalación de tablero de 6 circuitos monofásico 3H, 120V con puerta y chapa, para breaker enchufable, de lamina cold rolled con aplicación de pintura electrostática: Blanco RAL 9003, barraje en cobre de 75A, barra de neutro y bar",,,0 hrs,0 hrs,0,0001-01-01 00:00:00,0001-01-01 00:00:00,0 days,0%,0%,0%,0 days,198552,0
"          Suministro, transporte e instalación de SALIDA eléctrica para TOMACORRIENTE doble con polo a tierra color blanco, 15A, 125V, en tubería EMT. Incluye: 3m de cable de cobre 1xNº12 AWG Libre de halógenos (HF) y Resistente a la llama (FR), marcación, caja met",,,0 hrs,0 hrs,0,0001-01-01 00:00:00,0001-01-01 00:00:00,0 days,0%,0%,0%,0 days,77079,0
"          Suministro, transporte e instalación de SALIDA eléctrica para TOMACORRIENTE doble GFCI, 15A, 125V, en tubería EMT. Incluye: 3m de cable de cobre 1xNº12 AWG Libre de halógenos (HF) y Resistente a la llama (FR), marcación, caja metálica 12x12x5cm, aparato c",,,0 hrs,0 hrs,0,0001-01-01 00:00:00,0001-01-01 00:00:00,0 days,0%,0%,0%,0 days,144570,0
"          Suministro, transporte e instalación de salida eléctrica para iluminación 120V, en tubería EMT. Incluye: 3m de cable de cobre 1xNº12 AWG Libre de halógenos (HF) y Resistente a la llama (FR), marcación, caja metálica 12x12x5cm con tapa, conectores tipo res",,,0 hrs,0 hrs,0,0001-01-01 00:00:00,0001-01-01 00:00:00,0 days,0%,0%,0%,0 days,144956,0
"          Suministro, transporte e instalación de salida eléctrica para switch doble, 15A, 120V, en tubería EMT. Incluye: 4m de cable de cobre 1xNº12 AWG Libre de halógenos (HF) y Resistente a la llama (FR), marcación, caja metálica 12x12x5cm con tapa, aparato, con",,,0 hrs,0 hrs,0,0001-01-01 00:00:00,0001-01-01 00:00:00,0 days,0%,0%,0%,0 days,218577,0
"          Suministro e instalación de interruptor (breaker) termomagnético enchufable 1x20A, Icc=10kA, 120/240V, Certificado UL SWD.",,,0 hrs,0 hrs,0,0001-01-01 00:00:00,0001-01-01 00:00:00,0 days,0%,0%,0%,0 days,70025,0
"          Suministro, transporte e instalación de alimentador en cable de cobre 3xNo12 AWG, Libre de halógenos (HF), resistente a la llama (FR), 90°C. Incluye accesorios para su correcta instalación y funcionamiento según RETIE.",,,0 hrs,0 hrs,0,0001-01-01 00:00:00,0001-01-01 00:00:00,0 days,0%,0%,0%,0 days,282371,0
"          Suministro, transporte e instalación de alimentador en cable de cobre 1xNo12 AWG, Libre de halógenos (HF), resistente a la llama (FR), 90°C. Incluye accesorios para su correcta instalación y funcionamiento según RETIE.",,,0 hrs,0 hrs,0,0001-01-01 00:00:00,0001-01-01 00:00:00,0 days,0%,0%,0%,0 days,98682,0
"          Suministro, transporte e instalación de alimentador en cable de cobre 1xNo10 AWG, Libre de halógenos (HF), resistente a la llama (FR), 90°C. Incluye accesorios para su correcta instalación y funcionamiento según RETIE.",,,0 hrs,0 hrs,0,0001-01-01 00:00:00,0001-01-01 00:00:00,0 days,0%,0%,0%,0 days,139322,0
"          Suministro, transporte e instalación de alimentador en cable de cobre encauchetado 3xNo12 AWG PVC Retardante a la llama (FR) Resistente a la intemperie (SR), 90ºC. Incluye accesorios para su correcta instalación y funcionamiento según RETIE.",,,0 hrs,0 hrs,0,0001-01-01 00:00:00,0001-01-01 00:00:00,0 days,0%,0%,0%,0 days,636288,0
"          Suministro, transporte e instalación de luminaria industrial tipo hermética, con tubo LED difusor en policarbonato, 2x18W T8. Chasis en policarbonato resistente al impacto, 6500°K, 3600lm, IRC=70, 40.000 Horas - L70, IP=65, IK=06, 36W, 100-240V 50/60Hz. I",,,0 hrs,0 hrs,0,0001-01-01 00:00:00,0001-01-01 00:00:00,0 days,0%,0%,0%,0 days,578649,0
"          Suministro, transporte e instalación de luminaria LED tipo reflector 200W para interiores o exteriores, con soporte metálico para instalar sobrepuesto y driver integrado en la luminaria. Chasis en alumino extruído resistente a la humedad, 6500°K, 20000lm,",,,0 hrs,0 hrs,0,0001-01-01 00:00:00,0001-01-01 00:00:00,0 days,0%,0%,0%,0 days,1022586,0
  ÁREAS TRANSVERSALES,,,0 hrs,0 hrs,44,2024-09-12 09:00:00,0001-01-01 00:00:00,"38,25 days","31,2%",-19%,25%,0 days,24598494,7675437.75
    Ambiental,,,0 hrs,0 hrs,25,2024-09-12 09:00:00,0001-01-01 00:00:00,22 days,25%,0%,25%,0 days,13514707,3378676.75
    Seguridad y salud en el trabajo,,,0 hrs,0 hrs,25,2024-09-12 09:00:00,0001-01-01 00:00:00,22 days,25%,0%,25%,0 days,3089368,772342
    Social,,,0 hrs,0 hrs,25,2024-09-12 09:00:00,0001-01-01 00:00:00,22 days,25%,0%,25%,0 days,5960000,1490000
    Poliza,,,0 hrs,0 hrs,100,2024-09-12 09:00:00,2025-01-10 19:00:00,87 days,100%,-75%,25%,0 days,2034419,2034419
  GERENCIA DE PROYECTO,,,0 hrs,0 hrs,25,2024-09-12 09:00:00,0001-01-01 00:00:00,22 days,System.Object,0%,25%,0 days,0,0
    Gestión de adquisiciones,,,0 hrs,0 hrs,25,2024-09-12 09:00:00,0001-01-01 00:00:00,22 days,System.Object,0%,25%,0 days,0,0
    FIN,,,0 hrs,0 hrs,0,0001-01-01 00:00:00,0001-01-01 00:00:00,0 days,System.Object,0%,0%,0 days,0,0
